Time [h],Current [A],Terminal voltage [V],Discharge capacity [A.h],Volume-averaged cell temperature [K]
0.0,9.0,4.093774550348554,0.0,296.15
3.308864419975531e-05,9.0,4.093330033332942,0.0002977977977977978,296.1558838372882
6.617728839951063e-05,9.0,4.092895499300319,0.0005955955955955955,296.1616872704189
9.926593259926593e-05,9.0,4.092470834821683,0.0008933933933933933,296.1674151881172
0.00013235457679902125,9.0,4.092055866808767,0.0011911911911911912,296.1730719814241
0.00016544322099877655,9.0,4.091650377176168,0.001488988988988989,296.1786616001171
0.00019853186519853185,9.0,4.09125411555746,0.0017867867867867866,296.1841876024534
0.00023162050939828718,9.0,4.090866809301807,0.0020845845845845843,296.1896531990706
0.0002647091535980425,9.0,4.090488171320759,0.002382382382382382,296.195061291745
0.0002977977977977978,9.0,4.090117906230111,0.0026801801801801793,296.2004145076237
0.0003308864419975531,9.0,4.089755715136105,0.0029779779779779765,296.205715229473
0.0003639750861973084,9.0,4.089401299341819,0.0032757757757757738,296.210965622419
0.0003970637303970637,9.0,4.089054363192431,0.0035735735735735723,296.21616765759757
0.000430152374596819,9.0,4.088714616233412,0.0038713713713713696,296.2213231330811
0.00046324101879657436,9.0,4.088381774820352,0.004169169169169169,296.22643369240456
0.0004963296629963296,9.0,4.088056039414392,0.004466966966966967,296.23149836050527
0.000529418307196085,9.0,4.08773662278087,0.004764764764764766,296.23652114544075
0.0005625069513958403,9.0,4.087423271132542,0.005062562562562562,296.24150330148285
0.0005955955955955956,9.0,4.087115740090786,0.0053603603603603585,296.24644598593153
0.0006286842397953508,9.0,4.086813794858674,0.005658158158158155,296.251350268952
0.0006617728839951062,9.0,4.086516157159403,0.005955955955955954,296.256223116179
0.0006948615281948615,9.0,4.086223758143369,0.00625375375375375,296.26105919339136
0.0007279501723946168,9.0,4.085936383729033,0.006551551551551547,296.2658593868232
0.0007610388165943721,9.0,4.085653829659944,0.006849349349349343,296.27062452147754
0.0007941274607941274,9.0,4.085375901210552,0.007147147147147142,296.27535536713486
0.0008272161049938827,9.0,4.085102412860788,0.0074449449449449385,296.2800526436984
0.000860304749193638,9.0,4.084833187950083,0.007742742742742735,296.2847170259536
0.0008933933933933934,9.0,4.08456805831891,0.008040540540540533,296.28934914780893
0.0009264820375931487,9.0,4.084306863944688,0.00833833833833833,296.2939496060783
0.0009595706817929039,9.0,4.084049452576819,0.008636136136136128,296.29851896385753
0.0009926593259926592,9.0,4.083795679375234,0.008933933933933925,296.3030577535416
0.0010257479701924147,9.0,4.083545406555231,0.009231731731731724,296.307566479523
0.00105883661439217,9.0,4.083298503041036,0.009529529529529523,296.3120456206078
0.001091925258591925,9.0,4.083054844129759,0.009827327327327322,296.31649563218133
0.0011250139027916806,9.0,4.082814311166909,0.01012512512512512,296.3209169481515
0.0011581025469914357,9.0,4.082576791234409,0.01042292292292292,296.32530998269414
0.0011911911911911912,9.0,4.082342176851455,0.010720720720720719,296.3296751318235
0.0012242798353909465,9.0,4.082110365688532,0.011018518518518518,296.33401277480584
0.0012573684795907016,9.0,4.081881260294761,0.011316316316316313,296.33832327543456
0.0012904571237904571,9.0,4.081654767838206,0.011614114114114112,296.342606983181
0.0013235457679902124,9.0,4.0814307998592545,0.011911911911911911,296.34686423423545
0.0013566344121899677,9.0,4.081209272036473,0.01220970970970971,296.35109535244897
0.001389723056389723,9.0,4.080990103964773,0.01250750750750751,296.3553006501877
0.0014228117005894783,9.0,4.080773218945332,0.012805305305305308,296.3594804291084
0.0014559003447892336,9.0,4.080558543786919,0.013103103103103107,296.3636349808636
0.001488988988988989,9.0,4.08034600861806,0.013400900900900906,296.3677645877437
0.0015220776331887442,9.0,4.080135546709585,0.013698698698698705,296.3718695232628
0.0015551662773884995,9.0,4.07992709430718,0.013996496496496504,296.37595005269367
0.0015882549215882548,9.0,4.079720590473203,0.014294294294294303,296.38000643355707
0.0016213435657880101,9.0,4.0795159769375795,0.014592092092092099,296.3840389160705
0.0016544322099877654,9.0,4.079313197957097,0.014889889889889898,296.38804774355975
0.001687520854187521,9.0,4.0791122001827285,0.015187687687687697,296.39203315283726
0.001720609498387276,9.0,4.078912932534556,0.015485485485485496,296.3959953745507
0.0017536981425870313,9.0,4.078715346083826,0.015783283283283298,296.3999346335043
0.0017867867867867868,9.0,4.078519393941768,0.016081081081081097,296.4038511489556
0.001819875430986542,9.0,4.078325031154788,0.016378878878878896,296.4077451348901
0.0018529640751862974,9.0,4.078132214605618,0.016676676676676695,296.41161680027574
0.0018860527193860527,9.0,4.077940902920176,0.016974474474474494,296.41546634929915
0.0019191413635858078,9.0,4.077751056379682,0.017272272272272293,296.41929398158504
0.001952230007785563,9.0,4.077562636837818,0.017570070070070092,296.42309989240084
0.0019853186519853184,9.0,4.077375607642546,0.01786786786786789,296.426884272847
0.002018407296185074,9.0,4.077189933562395,0.018165665665665694,296.4306473100351
0.0020514959403848294,9.0,4.077005580716882,0.018463463463463493,296.43438918725417
0.0020845845845845843,9.0,4.076822516510841,0.01876126126126129,296.43811008412666
0.00211767322878434,9.0,4.076640709572448,0.019059059059059094,296.4418101767544
0.0021507618729840953,9.0,4.076460129694636,0.019356856856856893,296.445489637856
0.00218385051718385,9.0,4.0762807477798875,0.019654654654654692,296.4491486368957
0.0022169391613836055,9.0,4.076102535787907,0.01995245245245249,296.45278734020513
0.0022500278055833612,9.0,4.0759254666862885,0.020250250250250294,296.4564059110976
0.0022831164497831165,9.0,4.075749723337905,0.020548048048048093,296.46000128692566
0.0023162050939828714,9.0,4.075575062276235,0.02084584584584589,296.463576897862
0.0023492937381826267,9.0,4.075401459707783,0.02114364364364369,296.46713289755974
0.0023823823823823824,9.0,4.075228892645692,0.021441441441441493,296.47066943710524
0.0024154710265821377,9.0,4.075057338874267,0.021739239239239292,296.4741866651021
0.002448559670781893,9.0,4.074886776915392,0.022037037037037095,296.47768472775016
0.0024816483149816483,9.0,4.074717185996674,0.022334834834834894,296.4811637689214
0.002514736959181403,9.0,4.074548546021182,0.02263263263263269,296.4846239302315
0.002547825603381159,9.0,4.074380837538773,0.02293043043043049,296.4880653511084
0.0025809142475809142,9.0,4.074214041718852,0.02322822822822829,296.4914881688577
0.0026140028917806695,9.0,4.074048140324488,0.023526026026026093,296.4948925187252
0.002647091535980425,9.0,4.073883115687857,0.023823823823823892,296.49827853395607
0.0026801801801801797,9.0,4.073718950686878,0.02412162162162169,296.50164634585235
0.0027132688243799354,9.0,4.073555628723008,0.02441941941941949,296.5049960838271
0.0027463574685796907,9.0,4.073393133700117,0.024717217217217292,296.50832787545676
0.002779446112779446,9.0,4.073231450004422,0.02501501501501509,296.5116418465312
0.0028125347569792013,9.0,4.07307056248534,0.025312812812812894,296.5149381211014
0.0028456234011789566,9.0,4.072910456437311,0.025610610610610693,296.5182168215261
0.002878712045378712,9.0,4.0727511175824285,0.02590840840840849,296.5214780685153
0.0029118006895784672,9.0,4.07259253205397,0.02620620620620629,296.5247219811732
0.0029448893337782225,9.0,4.072434686380615,0.02650400400400409,296.52794867703864
0.002977977977977978,9.0,4.072277567471458,0.026801801801801892,296.53115827212474
0.003011066622177733,9.0,4.0721211626016975,0.02709959959959969,296.53435088095637
0.0030441552663774884,9.0,4.071965459398967,0.02739739739739749,296.5375266166066
0.0030772439105772437,9.0,4.071810445830305,0.02769519519519529,296.5406855907318
0.003110332554776999,9.0,4.071656110189728,0.027992992992993092,296.54382791360536
0.0031434211989767543,9.0,4.071502441086336,0.02829079079079089,296.5469536941502
0.0031765098431765096,9.0,4.071349427432928,0.028588588588588693,296.5500630399703
0.0032095984873762654,9.0,4.071197058435217,0.028886386386386492,296.553156057381
0.0032426871315760202,9.0,4.0710453235813935,0.029184184184184288,296.5562328514381
0.0032757757757757755,9.0,4.070894212632232,0.02948198198198209,296.5592935259665
0.003308864419975531,9.0,4.070743715611583,0.02977977977977989,296.5623381835872
0.003341953064175286,9.0,4.070593822797299,0.03007757757757769,296.56536692574394
0.003375041708375042,9.0,4.070444524712539,0.03037537537537549,296.56837985272864
0.0034081303525747967,9.0,4.070295812117422,0.03067317317317329,296.5713770637062
0.003441218996774552,9.0,4.070147676001056,0.03097097097097109,296.5743586567386
0.0034743076409743073,9.0,4.07000010757389,0.03126876876876889,296.5773247288077
0.0035073962851740626,9.0,4.069853098260383,0.03156656656656669,296.580275375838
0.0035404849293738183,9.0,4.0697066396919706,0.03186436436436449,296.5832106927185
0.0035735735735735736,9.0,4.069560723700323,0.032162162162162285,296.58613077332353
0.0036066622177733285,9.0,4.069415342310874,0.03245995995996007,296.58903571053327
0.003639750861973084,9.0,4.069270487736615,0.032757757757757876,296.59192559625365
0.003672839506172839,9.0,4.06912615237211,0.03305555555555567,296.59480052143573
0.003705928150372595,9.0,4.068982328787802,0.033353353353353474,296.59766057609414
0.00373901679457235,9.0,4.068839009724487,0.03365115115115127,296.60050584932526
0.0037721054387721054,9.0,4.068696188088023,0.03394894894894907,296.6033364293251
0.0038051940829718603,9.0,4.0685538569442565,0.03424674674674686,296.6061524034061
0.0038382827271716156,9.0,4.068412009514136,0.03454454454454466,296.6089538580139
0.0038713713713713713,9.0,4.0682706391690004,0.03484234234234246,296.61174087874343
0.003904460015571126,9.0,4.068129739426071,0.035140140140140254,296.6145135503548
0.003937548659770882,9.0,4.067989303944073,0.035437937937938056,296.61727195678833
0.003970637303970637,9.0,4.06784932651907,0.035735735735735845,296.6200161811796
0.0040037259481703925,9.0,4.06770980108041,0.03603353353353365,296.6227463058738
0.004036814592370148,9.0,4.067570721686842,0.03633133133133145,296.6254624124399
0.004069903236569902,9.0,4.067432082522778,0.03662912912912924,296.62816458168413
0.004102991880769659,9.0,4.067293877894666,0.03692692692692704,296.63085289366364
0.004136080524969414,9.0,4.067156102227533,0.03722472472472484,296.6335274276992
0.004169169169169169,9.0,4.0670187500616155,0.03752252252252263,296.63618826238803
0.004202257813368924,9.0,4.066881816049113,0.037820320320320434,296.63883547561596
0.00423534645756868,9.0,4.066745294951091,0.03811811811811824,296.64146914456956
0.004268435101768434,9.0,4.066609181634442,0.038415915915916025,296.6440893457478
0.004301523745968191,9.0,4.066473471069001,0.03871371371371383,296.64669615497337
0.0043346123901679455,9.0,4.066338158324713,0.039011511511511617,296.6492896474041
0.0043677010343677,9.0,4.066203238568941,0.03930930930930942,296.65186989754335
0.004400789678567456,9.0,4.066068707063832,0.03960710710710722,296.65443697925093
0.004433878322767211,9.0,4.065934559163801,0.03990490490490501,296.6569909657533
0.004466966966966967,9.0,4.065800790313067,0.04020270270270281,296.65953192965367
0.0045000556111667225,9.0,4.065667396043306,0.040500500500500615,296.6620599429418
0.004533144255366477,9.0,4.06553437197135,0.04079829829829842,296.6645750770036
0.004566232899566233,9.0,4.065401713796994,0.041096096096096206,296.66707740263047
0.004599321543765989,9.0,4.065269417300829,0.04139389389389401,296.6695669900285
0.004632410187965743,9.0,4.065137478342203,0.0416916916916918,296.6720439088274
0.0046654988321654985,9.0,4.0650058928572035,0.041989489489489586,296.6745082280891
0.004698587476365253,9.0,4.064874656856707,0.04228728728728739,296.67696001631646
0.004731676120565009,9.0,4.064743766424545,0.04258508508508519,296.6793993414614
0.004764764764764765,9.0,4.06461321771563,0.04288288288288299,296.68182627093324
0.00479785340896452,9.0,4.064483006954232,0.04318068068068078,296.68424087160633
0.0048309420531642755,9.0,4.064353130432272,0.043478478478478584,296.68664320982833
0.00486403069736403,9.0,4.064223584507655,0.04377627627627639,296.6890333514273
0.004897119341563786,9.0,4.064094365602674,0.04407407407407419,296.6914113617194
0.004930207985763542,9.0,4.0639654702024615,0.04437187187187198,296.69377730551605
0.004963296629963297,9.0,4.063836894853485,0.04466966966966978,296.6961312471311
0.0049963852741630515,9.0,4.063708636162076,0.04496746746746757,296.6984732503879
0.005029473918362806,9.0,4.06358069079303,0.04526526526526536,296.7008033786257
0.005062562562562562,9.0,4.063453055468217,0.04556306306306316,296.7031216947068
0.005095651206762318,9.0,4.063325726965262,0.04586086086086096,296.70542826102263
0.005128739850962073,9.0,4.063198702116252,0.046158658658658765,296.70772313950056
0.0051618284951618285,9.0,4.063071977806457,0.04645645645645655,296.7100063916096
0.005194917139361583,9.0,4.0629455509731445,0.046754254254254356,296.7122780783671
0.005228005783561339,9.0,4.062819418604372,0.04705205205205216,296.71453826034417
0.005261094427761095,9.0,4.062693577737846,0.04734984984984996,296.71678699767205
0.00529418307196085,9.0,4.062568025459807,0.04764764764764775,296.71902435004745
0.005327271716160605,9.0,4.062442758903936,0.04794544544544555,296.7212503767383
0.005360360360360359,9.0,4.062317775250312,0.04824324324324334,296.72346513658925
0.005393449004560115,9.0,4.0621930717243755,0.04854104104104113,296.7256686880272
0.005426537648759871,9.0,4.062068645595936,0.04883883883883893,296.7278610890664
0.005459626292959626,9.0,4.061944494178208,0.049136636636636734,296.7300423973136
0.0054927149371593815,9.0,4.061820614826874,0.049434434434434536,296.7322126699732
0.005525803581359136,9.0,4.061697004939145,0.049732232232232325,296.73437196385237
0.005558892225558892,9.0,4.061573661952899,0.05003003003003013,296.73652033536564
0.005591980869758648,9.0,4.06145058334579,0.05032782782782793,296.7386578405399
0.005625069513958403,9.0,4.061327766634422,0.05062562562562573,296.7407845350188
0.005658158158158158,9.0,4.061205209373523,0.05092342342342352,296.7429004740679
0.005691246802357913,9.0,4.061082909155137,0.05122122122122132,296.7450057125785
0.005724335446557668,9.0,4.060960863607857,0.05151901901901911,296.7471003050725
0.005757424090757424,9.0,4.060839070396073,0.0518168168168169,296.74918430570654
0.005790512734957179,9.0,4.0607175272192055,0.0521146146146147,296.7512577682764
0.0058236013791569344,9.0,4.0605962318110285,0.052412412412412505,296.75332074622105
0.005856690023356689,9.0,4.060475181938941,0.05271021021021031,296.75537329262676
0.005889778667556445,9.0,4.060354375403293,0.053008008008008096,296.75741546023113
0.005922867311756201,9.0,4.060233810036728,0.0533058058058059,296.75944730142703
0.005955955955955956,9.0,4.060113483703521,0.0536036036036037,296.7614688682666
0.005989044600155711,9.0,4.05999339429896,0.053901401401401504,296.7634802124648
0.006022133244355466,9.0,4.059873539748745,0.05419919919919929,296.76548138540323
0.006055221888555222,9.0,4.059753918008344,0.054496996996997095,296.76747243813384
0.006088310532754977,9.0,4.059634527062458,0.054794794794794884,296.76945342138265
0.006121399176954732,9.0,4.059515364924419,0.05509259259259267,296.77142438555296
0.0061544878211544874,9.0,4.059396429635651,0.055390390390390475,296.773385380729
0.006187576465354242,9.0,4.059277719265115,0.05568818818818828,296.7753364566794
0.006220665109553998,9.0,4.059159231908801,0.05598598598598608,296.77727766286046
0.006253753753753754,9.0,4.059040965689183,0.05628378378378387,296.77920904841926
0.006286842397953509,9.0,4.058922918754739,0.05658158158158167,296.78113066219737
0.006319931042153264,9.0,4.058805089279445,0.05687937937937947,296.7830425527334
0.006353019686353019,9.0,4.058687475462309,0.057177177177177275,296.7849447682665
0.006386108330552775,9.0,4.058570075526885,0.057474974974975064,296.78683735673945
0.006419196974752531,9.0,4.058452887720836,0.05777277277277287,296.78872036580157
0.006452285618952285,9.0,4.0583359103154795,0.058070570570570655,296.7905938428115
0.0064853742631520404,9.0,4.058219141605334,0.058368368368368444,296.79245783484043
0.006518462907351795,9.0,4.05810257990772,0.058666166166166246,296.79431238867477
0.006551551551551551,9.0,4.057986223562336,0.05896396396396405,296.796157550819
0.006584640195751307,9.0,4.057870070930845,0.05926176176176185,296.79799336749835
0.006617728839951062,9.0,4.057754120396474,0.05955955955955964,296.7998198846618
0.006650817484150817,9.0,4.05763837036365,0.05985735735735744,296.80163714798437
0.006683906128350572,9.0,4.057522819257597,0.060155155155155245,296.80344520287
0.006716994772550328,9.0,4.05740746552397,0.06045295295295305,296.8052440944541
0.006750083416750084,9.0,4.0572923076284955,0.060750750750750836,296.8070338676061
0.0067831720609498386,9.0,4.057177344056632,0.06104854854854864,296.80881456693174
0.006816260705149593,9.0,4.057062573313198,0.06134634634634643,296.81058623677586
0.006849349349349348,9.0,4.056947993922048,0.061644144144144215,296.8123489212247
0.006882437993549104,9.0,4.056833604425744,0.06194194194194202,296.8141026641082
0.00691552663774886,9.0,4.056719403385223,0.06223973973973982,296.8158475090023
0.006948615281948615,9.0,4.056605389379489,0.06253753753753763,296.81758349923166
0.00698170392614837,9.0,4.056491561005296,0.06283533533533542,296.8193106778713
0.007014792570348125,9.0,4.056377916876851,0.06313313313313322,296.8210290877493
0.007047881214547881,9.0,4.056264455625518,0.06343093093093102,296.82273877144905
0.007080969858747637,9.0,4.0561511758995135,0.06372872872872883,296.8244397713109
0.0071140585029473916,9.0,4.056038076363651,0.06402652652652661,296.826132129435
0.007147147147147147,9.0,4.055925155699033,0.06432432432432442,296.82781588768273
0.007180235791346902,9.0,4.055812412602805,0.06462212212212222,296.82949108767934
0.007213324435546657,9.0,4.055699845787865,0.06491991991992001,296.83115777081565
0.007246413079746413,9.0,4.055587453982625,0.06521771771771781,296.8328159782501
0.007279501723946168,9.0,4.055475235930739,0.06551551551551561,296.8344657509109
0.007312590368145923,9.0,4.055363190390864,0.06581331331331342,296.83610712949775
0.007345679012345678,9.0,4.055251316136413,0.0661111111111112,296.837740154484
0.007378767656545434,9.0,4.055139611955312,0.066408908908909,296.83936486611833
0.00741185630074519,9.0,4.055028076649769,0.06670670670670681,296.8409813044268
0.0074449449449449446,9.0,4.054916709036038,0.06700450450450461,296.8425895092145
0.0074780335891447,9.0,4.0548055079442165,0.0673023023023024,296.8441895200677
0.007511122233344455,9.0,4.054694472217973,0.0676001001001002,296.84578137635503
0.007544210877544211,9.0,4.0545836007144,0.067897897897898,296.8473651172301
0.007577299521743966,9.0,4.054472892303746,0.0681956956956958,296.8489407816323
0.007610388165943721,9.0,4.054362345869241,0.0684934934934936,296.85050840828933
0.007643476810143476,9.0,4.054251960306873,0.0687912912912914,296.85206803571833
0.007676565454343231,9.0,4.0541417345251975,0.0690890890890892,296.85361970222795
0.007709654098542987,9.0,4.054031667445146,0.06938688688688699,296.8551634459195
0.007742742742742743,9.0,4.053921757999828,0.06968468468468479,296.85669930468924
0.007775831386942497,9.0,4.053812005134343,0.06998248248248258,296.8582273162294
0.007808920031142252,9.0,4.053702407805602,0.07028028028028038,296.85974751802985
0.007842008675342009,9.0,4.053592964982133,0.07057807807807819,296.86125994738006
0.007875097319541764,9.0,4.053483675643929,0.07087587587587599,296.86276464137023
0.007908185963741519,9.0,4.053374538782252,0.07117367367367379,296.86426163689293
0.007941274607941274,9.0,4.053265553399468,0.07147147147147159,296.86575097064457
0.007974363252141028,9.0,4.05315671850888,0.0717692692692694,296.86723267912686
0.008007451896340785,9.0,4.053048033134576,0.0720670670670672,296.8687067986484
0.00804054054054054,9.0,4.052939496311248,0.072364864864865,296.8701733653261
0.008073629184740297,9.0,4.052831107084049,0.0726626626626628,296.8716324150863
0.008106717828940051,9.0,4.052722864508432,0.0729604604604606,296.8730839836666
0.008139806473139805,9.0,4.052614767649998,0.07325825825825841,296.87452810661694
0.008172895117339561,9.0,4.052506815584355,0.07355605605605621,296.8759648193011
0.008205983761539318,9.0,4.052399007396957,0.07385385385385401,296.877394156898
0.008239072405739073,9.0,4.052291342182972,0.07415165165165181,296.87881615440307
0.008272161049938827,9.0,4.052183819047134,0.07444944944944962,296.88023084662956
0.008305249694138582,9.0,4.052076437103617,0.07474724724724742,296.88163826820977
0.008338338338338337,9.0,4.051969195475879,0.07504504504504522,296.88303845359644
0.008371426982538094,9.0,4.051862093296547,0.07534284284284302,296.88443143706394
0.008404515626737849,9.0,4.051755129707278,0.07564064064064083,296.8858172527095
0.008437604270937605,9.0,4.051648303858627,0.07593843843843863,296.88719593445467
0.00847069291513736,9.0,4.051541614909933,0.07623623623623643,296.8885675160462
0.008503781559337113,9.0,4.051435062029173,0.07653403403403423,296.88993203105747
0.008536870203536868,9.0,4.051328644392868,0.07683183183183204,296.8912895128896
0.008569958847736625,9.0,4.051222361185946,0.07712962962962984,296.89263999477276
0.008603047491936381,9.0,4.05111621160162,0.07742742742742764,296.89398350976717
0.008636136136136136,9.0,4.0510101948412895,0.07772522522522544,296.89532009076436
0.008669224780335891,9.0,4.050904310114413,0.07802302302302325,296.8966497704882
0.008702313424535646,9.0,4.050798556638403,0.07832082082082105,296.89797258149605
0.0087354020687354,9.0,4.050692933638515,0.07861861861861885,296.89928855618024
0.008768490712935157,9.0,4.050587440347739,0.07891641641641665,296.9005977267684
0.008801579357134912,9.0,4.050482076006693,0.07921421421421446,296.9019001253254
0.008834668001334669,9.0,4.050376839863528,0.07951201201201226,296.90319578375386
0.008867756645534422,9.0,4.0502717311738206,0.07980980980981006,296.90448473379473
0.008900845289734179,9.0,4.050166749200454,0.08010760760760786,296.90576700703036
0.008933933933933933,9.0,4.050061893213542,0.08040540540540567,296.90704263488334
0.008967022578133688,9.0,4.049957162490335,0.08070320320320347,296.9083116486186
0.009000111222333445,9.0,4.049852556315103,0.08100100100100127,296.9095740793441
0.0090331998665332,9.0,4.049748073979062,0.08129879879879907,296.91082995801196
0.009066288510732955,9.0,4.049643714780279,0.08159659659659688,296.9120793154194
0.009099377154932711,9.0,4.049539478023565,0.08189439439439468,296.91332218220987
0.009132465799132466,9.0,4.049435363020408,0.08219219219219248,296.9145585888738
0.009165554443332221,9.0,4.049331369088867,0.08248998998999028,296.9157885657497
0.009198643087531978,9.0,4.049227495553499,0.08278778778778809,296.91701214302526
0.00923173173173173,9.0,4.0491237417452695,0.08308558558558589,296.91822935073793
0.009264820375931486,9.0,4.049020107001463,0.08338338338338369,296.9194402187762
0.00929790902013124,9.0,4.048916590665613,0.0836811811811815,296.92064477688035
0.009330997664330997,9.0,4.04881319208741,0.0839789789789793,296.9218430546435
0.009364086308530752,9.0,4.048709910622634,0.0842767767767771,296.92303508151224
0.009397174952730507,9.0,4.048606745633059,0.0845745745745749,296.92422088678796
0.009430263596930263,9.0,4.048503696486398,0.0848723723723727,296.9254004996274
0.009463352241130018,9.0,4.048400762556214,0.0851701701701705,296.92657394904353
0.009496440885329773,9.0,4.048297943221833,0.08546796796796831,296.92774126390674
0.00952952952952953,9.0,4.0481952378683115,0.08576576576576611,296.92890247294537
0.009562618173729285,9.0,4.048092645886323,0.08606356356356391,296.93005760474665
0.00959570681792904,9.0,4.047990166672106,0.08636136136136172,296.9312066877577
0.009628795462128794,9.0,4.047887799627389,0.08665915915915952,296.9323497502862
0.009661884106328551,9.0,4.047785544159329,0.08695695695695732,296.9334868205014
0.009694972750528306,9.0,4.047683399680437,0.08725475475475512,296.9346179264346
0.00972806139472806,9.0,4.047581365608513,0.08755255255255293,296.9357430959804
0.009761150038927817,9.0,4.047479441366585,0.08785035035035073,296.9368623568973
0.009794238683127572,9.0,4.047377626382836,0.08814814814814853,296.93797573680826
0.009827327327327327,9.0,4.047275920090552,0.08844594594594633,296.93908326320206
0.009860415971527084,9.0,4.047174321928037,0.08874374374374414,296.94018496343364
0.009893504615726838,9.0,4.047072831338598,0.08904154154154194,296.94128086472494
0.009926593259926593,9.0,4.046971447770424,0.08933933933933974,296.94237099416586
0.009959681904126346,9.0,4.0468701706765735,0.08963713713713754,296.9434553787148
0.009992770548326103,9.0,4.0467689995148906,0.08993493493493535,296.9445340451996
0.010025859192525858,9.0,4.0466679337479645,0.09023273273273315,296.9456070203182
0.010058947836725613,9.0,4.046566972843053,0.09053053053053095,296.94667433063944
0.01009203648092537,9.0,4.046466116272045,0.09082832832832875,296.9477360026036
0.010125125125125124,9.0,4.0463653635113985,0.09112612612612656,296.94879206252364
0.010158213769324879,9.0,4.046264714042075,0.09142392392392436,296.94984253658515
0.010191302413524636,9.0,4.046164167349508,0.09172172172172216,296.9508874508478
0.01022439105772439,9.0,4.046063722923529,0.09201951951951996,296.9519268312457
0.010257479701924145,9.0,4.045963380258334,0.09231731731731777,296.9529607035882
0.0102905683461239,9.0,4.045863138852413,0.09261511511511557,296.9539890935604
0.010323656990323657,9.0,4.04576299820852,0.09291291291291337,296.9550120267241
0.010356745634523412,9.0,4.045662957833603,0.09321071071071117,296.95602952851846
0.010389834278723167,9.0,4.0455630172387735,0.09350850850850898,296.95704162426057
0.010422922922922923,9.0,4.045463175939247,0.09380630630630678,296.9580483391461
0.010456011567122678,9.0,4.045363433454293,0.09410410410410458,296.95904969825017
0.010489100211322433,9.0,4.045263789307205,0.09440190190190238,296.9600457265278
0.01052218885552219,9.0,4.0451642430252335,0.09469969969970018,296.9610364488148
0.010555277499721944,9.0,4.045064794139549,0.09499749749749799,296.9620218898281
0.0105883661439217,9.0,4.044965442185206,0.09529529529529579,296.9630020741668
0.010621454788121456,9.0,4.044866186701082,0.09559309309309359,296.96397702631253
0.01065454343232121,9.0,4.044767027229854,0.0958908908908914,296.9649467706301
0.010687632076520964,9.0,4.044667963317931,0.0961886886886892,296.9659113313684
0.010720720720720719,9.0,4.044568994515432,0.096486486486487,296.9668707326606
0.010753809364920475,9.0,4.044470120376138,0.0967842842842848,296.96782499852526
0.01078689800912023,9.0,4.044371340457449,0.0970820820820826,296.96877415286656
0.010819986653319985,9.0,4.044272654320345,0.09737987987988041,296.96971821947517
0.010853075297519742,9.0,4.044174061529342,0.09767767767767821,296.9706572220287
0.010886163941719497,9.0,4.044075561652457,0.09797547547547601,296.9715911840924
0.010919252585919251,9.0,4.043977154261176,0.09827327327327381,296.97252012911963
0.010952341230119006,9.0,4.043878838930397,0.09857107107107162,296.97344408045274
0.010985429874318763,9.0,4.043780615238411,0.09886886886886942,296.9743630613233
0.011018518518518518,9.0,4.043682482766856,0.09916666666666722,296.975277094853
0.011051607162718273,9.0,4.043584441100677,0.09946446446446502,296.97618620405416
0.01108469580691803,9.0,4.043486489828096,0.09976226226226283,296.97709041183003
0.011117784451117784,9.0,4.043388628540577,0.10006006006006063,296.97798974097583
0.011150873095317539,9.0,4.043290856832783,0.10035785785785843,296.9788842141789
0.011183961739517296,9.0,4.04319317430255,0.10065565565565623,296.97977385401964
0.01121705038371705,9.0,4.04309558055085,0.10095345345345404,296.9806586829717
0.011250139027916805,9.0,4.042998075181755,0.10125125125125184,296.9815387234029
0.011283227672116562,9.0,4.042900657802393,0.10154904904904964,296.9824139975754
0.011316316316316317,9.0,4.04280332802295,0.10184684684684744,296.98328452764673
0.011349404960516072,9.0,4.042706085456597,0.10214464464464525,296.9841503356699
0.011382493604715826,9.0,4.042608929719481,0.10244244244244305,296.98501144359415
0.011415582248915583,9.0,4.042511860430684,0.10274024024024085,296.9858678732654
0.011448670893115336,9.0,4.042414877212204,0.10303803803803865,296.98671964642705
0.011481759537315091,9.0,4.042317979688906,0.10333583583583646,296.98756678472
0.011514848181514848,9.0,4.0422211674885045,0.10363363363363426,296.98840930968373
0.011547936825714603,9.0,4.0421244402415315,0.10393143143143206,296.9892472427565
0.011581025469914357,9.0,4.04202779758131,0.10422922922922986,296.99008060527586
0.011614114114114112,9.0,4.041931239143915,0.10452702702702767,296.9909094184794
0.011647202758313869,9.0,4.0418347645681525,0.10482482482482547,296.9917337035051
0.011680291402513624,9.0,4.041738373495529,0.10512262262262327,296.9925534813917
0.011713380046713379,9.0,4.041642065570223,0.10542042042042107,296.9933687730796
0.011746468690913135,9.0,4.041545840439056,0.10571821821821888,296.99417959941104
0.01177955733511289,9.0,4.041449697751471,0.10601601601601668,296.9949859811306
0.011812645979312645,9.0,4.041353637159501,0.10631381381381448,296.99578793888594
0.011845734623512402,9.0,4.041257658317743,0.10661161161161228,296.99658549322805
0.011878823267712156,9.0,4.041161760883327,0.10690940940941009,296.9973786646119
0.011911911911911911,9.0,4.041065944515902,0.10720720720720789,296.99816747339685
0.011945000556111668,9.0,4.040970208877597,0.10750500500500569,296.99895193984713
0.011978089200311423,9.0,4.040874553633007,0.1078028028028035,296.9997320841323
0.012011177844511178,9.0,4.04077897844916,0.1081006006006013,297.0005079263278
0.012044266488710932,9.0,4.040683482995497,0.1083983983983991,297.00127948641557
0.012077355132910689,9.0,4.040588066943849,0.1086961961961969,297.002046784284
0.012110443777110444,9.0,4.040492729968399,0.1089939939939947,297.00280983972897
0.012143532421310199,9.0,4.040397471745684,0.1092917917917925,297.0035686724541
0.012176621065509954,9.0,4.040302291954548,0.10958958958959031,297.00432330207116
0.012209709709709709,9.0,4.040207190276131,0.10988738738738811,297.0050737481005
0.012242798353909463,9.0,4.040112166393843,0.11018518518518591,297.0058200299716
0.012275886998109218,9.0,4.040017219993338,0.11048298298298372,297.0065621670237
0.012308975642308975,9.0,4.039922350762502,0.11078078078078152,297.0073001785057
0.01234206428650873,9.0,4.039827558391417,0.11107857857857932,297.00803408357734
0.012375152930708485,9.0,4.039732842572358,0.11137637637637712,297.008763901309
0.012408241574908241,9.0,4.039638202999747,0.11167417417417493,297.0094896506825
0.012441330219107996,9.0,4.039543639370155,0.11197197197197273,297.01021135059153
0.012474418863307751,9.0,4.0394491513822635,0.11226976976977053,297.0109290198418
0.012507507507507508,9.0,4.039354738736861,0.11256756756756833,297.01164267715194
0.012540596151707262,9.0,4.039260401136801,0.11286536536536614,297.01235234115353
0.012573684795907017,9.0,4.039166138287006,0.11316316316316394,297.0130580303916
0.012606773440106772,9.0,4.03907194989443,0.11346096096096174,297.01375976332537
0.012639862084306529,9.0,4.038977835668046,0.11375875875875954,297.0144575583282
0.012672950728506284,9.0,4.038883795318822,0.11405655655655735,297.0151514336884
0.012706039372706038,9.0,4.038789828559709,0.11435435435435515,297.0158414076094
0.012739128016905795,9.0,4.038695935105613,0.11465215215215295,297.0165274982103
0.01277221666110555,9.0,4.0386021146733935,0.11494994994995075,297.0172097235263
0.012805305305305305,9.0,4.038508366981819,0.11524774774774856,297.01788810150896
0.012838393949505061,9.0,4.038414691751564,0.11554554554554636,297.0185626500268
0.012871482593704816,9.0,4.038321088705199,0.11584334334334416,297.0192333868656
0.01290457123790457,9.0,4.0382275575671525,0.11614114114114196,297.0199003297288
0.012937659882104324,9.0,4.038134098063713,0.11643893893893976,297.0205634962378
0.012970748526304081,9.0,4.038040709922997,0.11673673673673757,297.0212229039327
0.013003837170503836,9.0,4.037947392874935,0.11703453453453537,297.0218785702724
0.01303692581470359,9.0,4.037854146651265,0.11733233233233317,297.022530512635
0.013070014458903347,9.0,4.037760970985504,0.11763013013013097,297.02317874831834
0.013103103103103102,9.0,4.037667865612933,0.11792792792792878,297.0238232945403
0.013136191747302857,9.0,4.0375748302705805,0.11822572572572658,297.02446416843924
0.013169280391502614,9.0,4.037481864697217,0.11852352352352438,297.0251013870743
0.013202369035702368,9.0,4.037388968633323,0.11882132132132218,297.0257349674258
0.013235457679902123,9.0,4.037296141821084,0.11911911911911999,297.02636492639573
0.013268546324101878,9.0,4.037203384004365,0.11941691691691779,297.0269912808081
0.013301634968301635,9.0,4.03711069492871,0.11971471471471559,297.0276140474091
0.01333472361250139,9.0,4.037018074341315,0.1200125125125134,297.0282332428678
0.013367812256701144,9.0,4.036925521991012,0.1203103103103112,297.0288488837764
0.013400900900900901,9.0,4.036833037628261,0.120608108108109,297.0294609866504
0.013433989545100656,9.0,4.036740621005138,0.1209059059059068,297.03006956792933
0.01346707818930041,9.0,4.036648271875305,0.1212037037037046,297.03067464397674
0.013500166833500167,9.0,4.036555989994008,0.1215015015015024,297.03127623108094
0.013533255477699922,9.0,4.036463775118062,0.12179929929930021,297.031874345455
0.013566344121899677,9.0,4.036371627005832,0.12209709709709801,297.0324690032374
0.013599432766099434,9.0,4.036279545417226,0.12239489489489581,297.0330602204923
0.013632521410299187,9.0,4.036187530113672,0.12269269269269362,297.03364801320976
0.013665610054498942,9.0,4.036095580858118,0.12299049049049142,297.0342323973063
0.013698698698698697,9.0,4.036003697414994,0.12328828828828922,297.0348133886251
0.013731787342898453,9.0,4.0359118795502305,0.12358608608608702,297.03539100293636
0.013764875987098208,9.0,4.03582012703122,0.12388388388388483,297.0359652559378
0.013797964631297963,9.0,4.035728439626822,0.12418168168168263,297.036536163255
0.01383105327549772,9.0,4.035636817107327,0.12447947947948043,297.03710374044135
0.013864141919697474,9.0,4.035545259244474,0.12477727727727823,297.0376680029789
0.01389723056389723,9.0,4.03545376581141,0.12507507507507604,297.0382289662785
0.013930319208096984,9.0,4.0353623365827005,0.12537287287287385,297.03878664568003
0.01396340785229674,9.0,4.035270971334293,0.12567067067067167,297.03934105645294
0.013996496496496496,9.0,4.035179669843533,0.12596846846846949,297.0398922137964
0.01402958514069625,9.0,4.035088431889123,0.1262662662662673,297.0404401328398
0.014062673784896007,9.0,4.034997257251133,0.12656406406406512,297.040984828643
0.014095762429095762,9.0,4.0349061457109805,0.12686186186186293,297.0415263161965
0.014128851073295517,9.0,4.034815097051414,0.12715965965966075,297.04206461042213
0.014161939717495273,9.0,4.034724111056512,0.12745745745745857,297.04259972617314
0.014195028361695028,9.0,4.034633187511657,0.12775525525525638,297.0431316782345
0.014228117005894783,9.0,4.034542326203541,0.1280530530530542,297.0436604813233
0.01426120565009454,9.0,4.034451526920144,0.12835085085085202,297.044186150089
0.014294294294294295,9.0,4.034360789450725,0.12864864864864983,297.04470869911404
0.01432738293849405,9.0,4.034270113585808,0.12894644644644765,297.04522814291363
0.014360471582693804,9.0,4.0341794991171795,0.12924424424424547,297.0457444959365
0.01439356022689356,9.0,4.034088945837869,0.12954204204204328,297.0462577725651
0.014426648871093314,9.0,4.033998453542144,0.1298398398398411,297.04676798711597
0.014459737515293069,9.0,4.033908022025499,0.13013763763763891,297.0472751538397
0.014492826159492826,9.0,4.0338176510846395,0.13043543543543673,297.04777928692175
0.01452591480369258,9.0,4.033727340517482,0.13073323323323455,297.0482804004824
0.014559003447892335,9.0,4.033637090123129,0.13103103103103236,297.04877850857724
0.01459209209209209,9.0,4.033546899701882,0.13132882882883018,297.04927362519743
0.014625180736291847,9.0,4.033456769055206,0.131626626626628,297.0497657642699
0.014658269380491602,9.0,4.033366697985729,0.1319244244244258,297.0502549396578
0.014691358024691356,9.0,4.033276686297249,0.13222222222222363,297.05074116516073
0.014724446668891113,9.0,4.033186733794696,0.13252002002002145,297.05122445451497
0.014757535313090868,9.0,4.033096840284142,0.13281781781781926,297.051704821394
0.014790623957290623,9.0,4.033007005572781,0.13311561561561708,297.05218227940856
0.01482371260149038,9.0,4.0329172294689375,0.1334134134134149,297.05265684210696
0.014856801245690134,9.0,4.032827511782035,0.1337112112112127,297.0531285229756
0.014889889889889889,9.0,4.0327378523225885,0.13400900900901053,297.053597335439
0.014922978534089646,9.0,4.03264825090222,0.13430680680680834,297.05406329286023
0.0149560671782894,9.0,4.032558707333624,0.13460460460460616,297.05452640854116
0.014989155822489155,9.0,4.032469221430569,0.13490240240240398,297.0549866957228
0.01502224446668891,9.0,4.032379793007884,0.1352002002002018,297.0554441675854
0.015055333110888667,9.0,4.03229042188146,0.1354979979979996,297.055898837249
0.015088421755088422,9.0,4.032201107868229,0.13579579579579742,297.0563507177735
0.015121510399288175,9.0,4.032111850786162,0.13609359359359524,297.0567998221592
0.015154599043487932,9.0,4.032022650454261,0.13639139139139306,297.0572461633466
0.015187687687687686,9.0,4.0319335066925515,0.13668918918919087,297.05768975421717
0.015220776331887441,9.0,4.031844419322063,0.1369869869869887,297.05813060759345
0.015253864976087196,9.0,4.031755388164847,0.1372847847847865,297.0585687362393
0.015286953620286953,9.0,4.031666413043933,0.13758258258258432,297.0590041528601
0.015320042264486708,9.0,4.031577493783354,0.13788038038038214,297.0594368701032
0.015353130908686462,9.0,4.031488630208116,0.13817817817817996,297.05986690055806
0.015386219552886219,9.0,4.031399822144206,0.13847597597597777,297.06029425675655
0.015419308197085974,9.0,4.03131106941856,0.1387737737737756,297.06071895117327
0.015452396841285729,9.0,4.031222371859094,0.1390715715715734,297.06114099622573
0.015485485485485485,9.0,4.0311337292946625,0.13936936936937122,297.06156040427464
0.01551857412968524,9.0,4.031045141555058,0.13966716716716904,297.0619771876243
0.015551662773884993,9.0,4.030956608471024,0.13996496496496685,297.06239135852263
0.015584751418084748,9.0,4.030868129874214,0.14026276276276464,297.06280292916165
0.015617840062284505,9.0,4.030779705597222,0.14056056056056243,297.06321191167757
0.01565092870648426,9.0,4.03069133547353,0.14085835835836022,297.0636183181512
0.015684017350684018,9.0,4.030603019337555,0.141156156156158,297.06402216060815
0.01571710599488377,9.0,4.030514757024589,0.1414539539539558,297.06442345101897
0.015750194639083528,9.0,4.030426548370835,0.14175175175175359,297.0648222012996
0.015783283283283284,9.0,4.030338393213368,0.14204954954955137,297.0652184233115
0.015816371927483037,9.0,4.030250291390155,0.14234734734734916,297.06561212886186
0.01584946057168279,9.0,4.030162242740017,0.14264514514514692,297.06600332970413
0.015882549215882547,9.0,4.030074247102656,0.1429429429429447,297.06639203753787
0.015915637860082304,9.0,4.029986304318623,0.1432407407407425,297.0667782640092
0.015948726504282057,9.0,4.029898414229334,0.1435385385385403,297.06716202071124
0.015981815148481814,9.0,4.029810576677025,0.14383633633633808,297.06754331918387
0.01601490379268157,9.0,4.029722791504801,0.14413413413413587,297.0679221709145
0.016047992436881323,9.0,4.029635058556577,0.14443193193193365,297.068298587338
0.01608108108108108,9.0,4.0295473776771065,0.14472972972973144,297.068672579837
0.016114169725280836,9.0,4.029459748711956,0.14502752752752923,297.0690441597422
0.016147258369480593,9.0,4.029372171507509,0.14532532532532702,297.0694133383324
0.01618034701368035,9.0,4.029284645910954,0.1456231231231248,297.0697801268352
0.016213435657880103,9.0,4.029197171770284,0.1459209209209226,297.0701445364267
0.01624652430207986,9.0,4.029109748934287,0.1462187187187204,297.070506578232
0.01627961294627961,9.0,4.029022377252536,0.14651651651651815,297.07086626332557
0.016312701590479366,9.0,4.028935056575394,0.14681431431431594,297.07122360273115
0.016345790234679122,9.0,4.028847786753996,0.14711211211211372,297.0715786074223
0.01637887887887888,9.0,4.0287605676402505,0.1474099099099115,297.07193128832233
0.016411967523078635,9.0,4.028673399086832,0.1477077077077093,297.0722816563049
0.01644505616727839,9.0,4.028586280947177,0.1480055055055071,297.0726297221938
0.016478144811478145,9.0,4.0284992130754755,0.14830330330330488,297.0729754967637
0.0165112334556779,9.0,4.0284121953266645,0.14860110110110267,297.0733189907399
0.016544322099877655,9.0,4.028325227556424,0.14889889889890046,297.07366021479885
0.016577410744077408,9.0,4.0282383096211785,0.14919669669669822,297.07399917956826
0.016610499388277165,9.0,4.028151441378078,0.149494494494496,297.0743358956273
0.01664358803247692,9.0,4.028064622685004,0.1497922922922938,297.07467037350705
0.016676676676676674,9.0,4.0279778534005555,0.15009009009009158,297.07500262369024
0.01670976532087643,9.0,4.027891133384053,0.15038788788788937,297.07533265661203
0.016742853965076188,9.0,4.027804462495522,0.15068568568568716,297.07566048265994
0.01677594260927594,9.0,4.027717840595701,0.15098348348348495,297.075986112174
0.016809031253475697,9.0,4.027631267546023,0.15128128128128274,297.07630955544715
0.01684211989767545,9.0,4.027544743208626,0.15157907907908053,297.0766308227254
0.01687520854187521,9.0,4.027458267446329,0.15187687687687831,297.076949924208
0.016908297186074964,9.0,4.027371840122639,0.1521746746746761,297.07726687004765
0.01694138583027472,9.0,4.027285461101748,0.1524724724724739,297.07758167035075
0.016974474474474477,9.0,4.02719913024852,0.15277027027027168,297.0778943351777
0.017007563118674227,9.0,4.0271128474284925,0.15306806806806944,297.0782048745429
0.017040651762873983,9.0,4.027026612507868,0.15336586586586723,297.07851329841515
0.017073740407073736,9.0,4.026940425353513,0.15366366366366502,297.07881961671774
0.017106829051273496,9.0,4.026854285832943,0.1539614614614628,297.0791238393288
0.01713991769547325,9.0,4.026768193814334,0.1542592592592606,297.07942597608144
0.017173006339673006,9.0,4.026682149166506,0.15455705705705838,297.0797260367637
0.017206094983872763,9.0,4.026596151758923,0.15485485485485617,297.0800240311192
0.017239183628072516,9.0,4.026510201461687,0.15515265265265396,297.0803199688471
0.017272272272272272,9.0,4.02642429814553,0.15545045045045175,297.0806138596024
0.01730536091647203,9.0,4.026338441681817,0.15574824824824954,297.0809057129959
0.017338449560671782,9.0,4.026252631942539,0.1560460460460473,297.0811955385948
0.017371538204871535,9.0,4.026166868800304,0.1563438438438451,297.08148334592244
0.017404626849071292,9.0,4.026081152128336,0.15664164164164288,297.081769144459
0.01743771549327105,9.0,4.025995481800475,0.15693943943944066,297.08205294364126
0.0174708041374708,9.0,4.025909857691165,0.15723723723723845,297.0823347528631
0.017503892781670558,9.0,4.025824279675451,0.15753503503503624,297.0826145814756
0.017536981425870315,9.0,4.02573874762898,0.15783283283283403,297.082892438787
0.017570070070070068,9.0,4.0256532614279985,0.15813063063063182,297.0831683340633
0.017603158714269825,9.0,4.025567820949332,0.1584284284284296,297.08344227652833
0.01763624735846958,9.0,4.025482426070402,0.1587262262262274,297.0837142753637
0.017669336002669338,9.0,4.025397076669211,0.15902402402402518,297.0839843397092
0.01770242464686909,9.0,4.025311772624338,0.15932182182182297,297.08425247866313
0.017735513291068844,9.0,4.025226513814934,0.15961961961962073,297.08451870128215
0.0177686019352686,9.0,4.025141300120728,0.15991741741741852,297.0847830165817
0.017801690579468357,9.0,4.025056131422007,0.1602152152152163,297.0850454335361
0.01783477922366811,9.0,4.02497100759963,0.1605130130130141,297.08530596107886
0.017867867867867867,9.0,4.0248859285350065,0.1608108108108119,297.0855646081027
0.017900956512067624,9.0,4.024800894110104,0.16110860860860968,297.08582138345986
0.017934045156267377,9.0,4.024715904207445,0.16140640640640747,297.0860762959622
0.017967133800467133,9.0,4.024630958710096,0.16170420420420525,297.08632935438146
0.01800022244466689,9.0,4.024546057501663,0.16200200200200304,297.08658056744935
0.018033311088866643,9.0,4.024461200466302,0.16229979979980083,297.08682994385794
0.0180663997330664,9.0,4.024376387488697,0.16259759759759862,297.0870774922594
0.018099488377266156,9.0,4.02429161845407,0.1628953953953964,297.0873232212669
0.01813257702146591,9.0,4.0242068932481665,0.1631931931931942,297.08756713945394
0.018165665665665666,9.0,4.024122211757272,0.16349099099099199,297.08780925535524
0.018198754309865423,9.0,4.024037573868172,0.16378878878878977,297.08804957746645
0.018231842954065176,9.0,4.023952979468187,0.16408658658658754,297.0882881142446
0.018264931598264932,9.0,4.02386842844515,0.16438438438438532,297.08852487410826
0.01829802024246469,9.0,4.0237839206874035,0.1646821821821831,297.08875986543745
0.018331108886664442,9.0,4.023699456083795,0.1649799799799809,297.0889930965742
0.0183641975308642,9.0,4.023615034523688,0.1652777777777787,297.0892245758224
0.018397286175063955,9.0,4.023530655896931,0.16557557557557648,297.0894543114482
0.018430374819263705,9.0,4.023446320093893,0.16587337337337424,297.08968231168
0.01846346346346346,9.0,4.023362027005414,0.16617117117117203,297.0899085847088
0.018496552107663215,9.0,4.023277776522843,0.16646896896896982,297.09013313868815
0.01852964075186297,9.0,4.023193568538009,0.1667667667667676,297.09035598173455
0.018562729396062728,9.0,4.023109402943232,0.1670645645645654,297.0905771219276
0.01859581804026248,9.0,4.023025279631307,0.16736236236236318,297.0907965673099
0.018628906684462238,9.0,4.022941198495515,0.16766016016016097,297.0910143258875
0.018661995328661994,9.0,4.022857159429615,0.16795795795795873,297.09123040563003
0.018695083972861747,9.0,4.022773162327821,0.16825575575575652,297.0914448144707
0.018728172617061504,9.0,4.02268920708484,0.1685535535535543,297.0916575603067
0.01876126126126126,9.0,4.02260529359583,0.1688513513513521,297.0918686509992
0.018794349905461014,9.0,4.022521421756423,0.16914914914914989,297.0920780943734
0.01882743854966077,9.0,4.022437591462699,0.16944694694694767,297.0922858982191
0.018860527193860527,9.0,4.022353802611212,0.16974474474474546,297.09249207029035
0.01889361583806028,9.0,4.02227005509895,0.17004254254254325,297.09269661830615
0.018926704482260037,9.0,4.022186348823373,0.17034034034034104,297.0928995499502
0.018959793126459793,9.0,4.0221026836823786,0.17063813813813883,297.09310087287105
0.018992881770659546,9.0,4.022019059574312,0.17093593593593662,297.09330059468266
0.019025970414859303,9.0,4.02193547639796,0.1712337337337344,297.09349872296417
0.01905905905905906,9.0,4.021851934052555,0.1715315315315322,297.0936952652602
0.019092147703258813,9.0,4.021768432437765,0.17182932932932998,297.0938902290809
0.01912523634745857,9.0,4.021684971453685,0.17212712712712777,297.0940836219025
0.019158324991658322,9.0,4.021601551000858,0.17242492492492556,297.0942754511668
0.01919141363585808,9.0,4.021518170980239,0.17272272272272332,297.094465724282
0.019224502280057836,9.0,4.021434831293218,0.1730205205205211,297.0946544486223
0.01925759092425759,9.0,4.021351531841613,0.1733183183183189,297.09484163152854
0.019290679568457345,9.0,4.0212682725276485,0.1736161161161167,297.0950272803079
0.019323768212657102,9.0,4.0211850532539835,0.17391391391391448,297.0952114022344
0.019356856856856855,9.0,4.0211018739236835,0.17421171171171226,297.0953940045489
0.01938994550105661,9.0,4.021018734440229,0.17450950950951005,297.09557509445926
0.019423034145256368,9.0,4.020935634707515,0.17480730730730784,297.09575467914044
0.01945612278945612,9.0,4.0208525746298385,0.17510510510510563,297.0959327657348
0.019489211433655878,9.0,4.020769554111905,0.17540290290290342,297.0961093613521
0.019522300077855635,9.0,4.020686573058824,0.1757007007007012,297.0962844730698
0.019555388722055388,9.0,4.020603631376101,0.175998498498499,297.0964581079329
0.019588477366255144,9.0,4.020520728969648,0.17629629629629678,297.0966302729546
0.0196215660104549,9.0,4.020437865745762,0.17659409409409457,297.09680097511585
0.019654654654654654,9.0,4.02035504161114,0.17689189189189236,297.09697022136606
0.01968774329885441,9.0,4.020272256472866,0.17718968968969012,297.09713801862273
0.019720831943054167,9.0,4.020189510238417,0.1774874874874879,297.097304373772
0.01975392058725392,9.0,4.02010680281565,0.1777852852852857,297.09746929366855
0.019787009231453677,9.0,4.0200241341128145,0.1780830830830835,297.0976327851359
0.019820097875653434,9.0,4.019941504038528,0.17838088088088128,297.0977948549665
0.019853186519853187,9.0,4.019858912501796,0.17867867867867906,297.09795550992163
0.019886275164052943,9.0,4.019776359411997,0.17897647647647685,297.098114756732
0.019919363808252693,9.0,4.019693844678891,0.17927427427427461,297.0982726020976
0.01995245245245245,9.0,4.019611368212591,0.1795720720720724,297.0984290526879
0.019985541096652206,9.0,4.019528929923604,0.1798698698698702,297.09858411514176
0.02001862974085196,9.0,4.019446529722792,0.18016766766766798,297.0987377960681
0.020051718385051716,9.0,4.019364167521376,0.18046546546546577,297.0988901020456
0.020084807029251472,9.0,4.019281843230948,0.18076326326326356,297.09904103962276
0.020117895673451226,9.0,4.019199556763471,0.18106106106106132,297.09919061531866
0.020150984317650982,9.0,4.019117308031243,0.1813588588588591,297.09933883562223
0.02018407296185074,9.0,4.019035096946935,0.1816566566566569,297.0994857069931
0.020217161606050492,9.0,4.018952923423569,0.18195445445445468,297.09963123586147
0.02025025025025025,9.0,4.018870787374517,0.18225225225225247,297.099775428628
0.020283338894450005,9.0,4.018788688713505,0.18255005005005026,297.09991829166444
0.020316427538649758,9.0,4.0187066273546,0.18284784784784805,297.1000598313133
0.020349516182849515,9.0,4.018624603212221,0.18314564564564584,297.10020005388833
0.02038260482704927,9.0,4.018542616201135,0.18344344344344363,297.1003389656744
0.020415693471249025,9.0,4.018460666236433,0.18374124124124142,297.1004765729278
0.02044878211544878,9.0,4.018378753233571,0.1840390390390392,297.10061288187626
0.020481870759648534,9.0,4.01829687710832,0.184336836836837,297.10074789871913
0.02051495940384829,9.0,4.018215037776802,0.18463463463463478,297.10088162962757
0.020548048048048047,9.0,4.018133235155467,0.18493243243243257,297.1010140807445
0.0205811366922478,9.0,4.018051469161095,0.18523023023023036,297.1011452581849
0.020614225336447557,9.0,4.0179697397108,0.18552802802802815,297.10127516803584
0.020647313980647314,9.0,4.017888046722022,0.1858258258258259,297.10140381635665
0.020680402624847067,9.0,4.017806390112526,0.1861236236236237,297.1015312091791
0.020713491269046824,9.0,4.017724769800403,0.18642142142142148,297.1016573525074
0.02074657991324658,9.0,4.017643185704067,0.18671921921921927,297.10178225231834
0.020779668557446333,9.0,4.0175616377422525,0.18701701701701706,297.1019059145616
0.02081275720164609,9.0,4.017480125834005,0.18731481481481485,297.10202834515957
0.020845845845845846,9.0,4.017398649898697,0.18761261261261264,297.10214955000777
0.0208789344900456,9.0,4.017317209856014,0.18791041041041043,297.1022695349748
0.020912023134245356,9.0,4.017235805625944,0.18820820820820822,297.1023883059024
0.020945111778445113,9.0,4.0171544371288075,0.188506006006006,297.10250586860593
0.020978200422644866,9.0,4.0170731042852115,0.1888038038038038,297.1026222288739
0.021011289066844623,9.0,4.016991807016084,0.18910160160160158,297.1027373924686
0.02104437771104438,9.0,4.016910545242655,0.18939939939939937,297.1028513651262
0.021077466355244132,9.0,4.016829318886459,0.18969719719719716,297.1029641525563
0.02111055499944389,9.0,4.016748127869332,0.18999499499499495,297.1030757604429
0.021143643643643645,9.0,4.016666972113414,0.1902927927927927,297.1031861944438
0.0211767322878434,9.0,4.016585851541143,0.1905905905905905,297.10329546019113
0.021209820932043155,9.0,4.016504766075248,0.19088838838838829,297.10340356329124
0.021242909576242912,9.0,4.016423715638762,0.19118618618618607,297.10351050932496
0.021275998220442665,9.0,4.016342700155009,0.19148398398398386,297.1036163038477
0.02130908686464242,9.0,4.016261719547604,0.19178178178178165,297.1037209523894
0.021342175508842175,9.0,4.016180773740455,0.19207957957957944,297.1038244604549
0.021375264153041928,9.0,4.0160998626577555,0.1923773773773772,297.103926833524
0.021408352797241684,9.0,4.016018986223987,0.192675175175175,297.1040280770512
0.021441441441441438,9.0,4.015938144363922,0.19297297297297278,297.10412819646655
0.021474530085641194,9.0,4.015857337002608,0.19327077077077057,297.1042271971749
0.02150761872984095,9.0,4.0157765640653835,0.19356856856856836,297.1043250845568
0.021540707374040704,9.0,4.015695825477865,0.19386636636636614,297.10442186396796
0.02157379601824046,9.0,4.015615121165945,0.1941641641641639,297.10451754073983
0.021606884662440217,9.0,4.015534451055805,0.1944619619619617,297.1046121201795
0.02163997330663997,9.0,4.01545381507388,0.19475975975975948,297.1047056075698
0.021673061950839727,9.0,4.015373213146906,0.19505755755755727,297.1047980081696
0.021706150595039483,9.0,4.015292645201878,0.19535535535535506,297.1048893272136
0.021739239239239237,9.0,4.015212111166063,0.19565315315315285,297.1049795699126
0.021772327883438993,9.0,4.015131610967,0.19595095095095064,297.10506874145375
0.021805416527638746,9.0,4.0150511445324994,0.19624874874874843,297.10515684700056
0.021838505171838503,9.0,4.014970711790639,0.1965465465465462,297.1052438916928
0.02187159381603826,9.0,4.014890312669753,0.196844344344344,297.1053298806469
0.021904682460238013,9.0,4.014809947098456,0.1971421421421418,297.1054148189559
0.02193777110443777,9.0,4.014729615005606,0.19743993993993958,297.1054987116897
0.021970859748637526,9.0,4.014649316320341,0.19773773773773737,297.1055815638948
0.02200394839283728,9.0,4.014569050972048,0.19803553553553516,297.10566338059505
0.022037037037037036,9.0,4.014488818890376,0.19833333333333295,297.10574416679094
0.022070125681236792,9.0,4.014408620005229,0.19863113113113073,297.10582392746045
0.022103214325436545,9.0,4.014328454246772,0.1989289289289285,297.1059026675587
0.022136302969636302,9.0,4.014248321545414,0.19922672672672628,297.1059803920183
0.02216939161383606,9.0,4.014168221831835,0.19952452452452407,297.10605710574913
0.02220248025803581,9.0,4.014088155036943,0.19982232232232186,297.1061328136389
0.022235568902235568,9.0,4.014008121091917,0.20012012012011965,297.1062075205528
0.022268657546435325,9.0,4.013928119928176,0.20041791791791744,297.10628123133387
0.022301746190635078,9.0,4.013848151477383,0.20071571571571523,297.10635395080317
0.022334834834834835,9.0,4.013768215671458,0.20101351351351301,297.1064256837595
0.02236792347903459,9.0,4.013688312442548,0.2013113113113108,297.10649643498
0.022401012123234344,9.0,4.013608441723074,0.2016091091091086,297.10656620921975
0.0224341007674341,9.0,4.013528603445669,0.20190690690690638,297.10663501121235
0.022467189411633857,9.0,4.013448797543218,0.20220470470470417,297.1067028456696
0.02250027805583361,9.0,4.013369023948848,0.20250250250250196,297.10676971728185
0.022533366700033367,9.0,4.013289282595926,0.20280030030029975,297.10683563071797
0.022566455344233124,9.0,4.013209573418049,0.20309809809809753,297.1069005906257
0.022599543988432877,9.0,4.013129896349059,0.2033958958958953,297.10696460163126
0.022632632632632634,9.0,4.013050251323024,0.20369369369369308,297.1070276683399
0.022665721276832387,9.0,4.012970638274252,0.20399149149149087,297.1070897953359
0.022698809921032143,9.0,4.012891057137283,0.20428928928928866,297.1071509871824
0.0227318985652319,9.0,4.012811507846881,0.20458708708708645,297.1072112484219
0.022764987209431653,9.0,4.012731990338049,0.20488488488488424,297.10727058357594
0.02279807585363141,9.0,4.012652504546013,0.20518268268268203,297.1073289971456
0.022831164497831166,9.0,4.0125730504062265,0.20548048048047982,297.1073864936112
0.022864253142030916,9.0,4.0124936278543775,0.20577827827827758,297.1074430774328
0.022897341786230672,9.0,4.012414236826358,0.20607607607607537,297.1074987530498
0.02293043043043043,9.0,4.012334877258313,0.20637387387387315,297.1075535248816
0.022963519074630182,9.0,4.012255549086588,0.20667167167167094,297.10760739732723
0.02299660771882994,9.0,4.012176252247759,0.20696946946946873,297.10766037476566
0.023029696363029695,9.0,4.012096986678623,0.2072672672672665,297.1077124615559
0.02306278500722945,9.0,4.012017752316192,0.20756506506506428,297.1077636620368
0.023095873651429205,9.0,4.0119385490976995,0.20786286286286207,297.10781398052774
0.023128962295628958,9.0,4.011859376960591,0.20816066066065986,297.10786342132803
0.023162050939828715,9.0,4.01178023584254,0.20845845845845765,297.10791198871755
0.02319513958402847,9.0,4.011701125681426,0.20875625625625543,297.10795968695646
0.023228228228228225,9.0,4.011622046415333,0.20905405405405322,297.1080065202855
0.02326131687242798,9.0,4.011542997982576,0.209351851851851,297.10805249292616
0.023294405516627738,9.0,4.011463980321675,0.2096496496496488,297.1080976090803
0.02332749416082749,9.0,4.011384993371355,0.2099474474474466,297.10814187293084
0.023360582805027248,9.0,4.011306037070552,0.21024524524524438,297.10818528864144
0.023393671449227004,9.0,4.0112271113584175,0.21054304304304217,297.1082278603568
0.023426760093426757,9.0,4.011148216174302,0.21084084084083995,297.10826959220265
0.023459848737626514,9.0,4.011069351457767,0.21113863863863774,297.1083104882858
0.02349293738182627,9.0,4.010990517148574,0.21143643643643553,297.1083505526942
0.023526026026026024,9.0,4.010911713186699,0.21173423423423332,297.1083897894974
0.02355911467022578,9.0,4.010832939512309,0.21203203203203108,297.1084282027459
0.023592203314425537,9.0,4.01075419606578,0.21232982982982887,297.1084657964721
0.02362529195862529,9.0,4.010675482787692,0.21262762762762666,297.1085025746897
0.023658380602825047,9.0,4.010596799618813,0.21292542542542445,297.10853854139395
0.023691469247024803,9.0,4.010518146500123,0.21322322322322224,297.1085737005621
0.023724557891224556,9.0,4.010439523372792,0.21352102102102002,297.108608056153
0.023757646535424313,9.0,4.010360930178192,0.2138188188188178,297.1086416121074
0.02379073517962407,9.0,4.010282366857886,0.2141166166166156,297.10867437234816
0.023823823823823823,9.0,4.01020383335364,0.2144144144144134,297.10870634078
0.02385691246802358,9.0,4.0101253296074075,0.21471221221221118,297.1087375212898
0.023890001112223336,9.0,4.010046855561335,0.21501001001000897,297.1087679177468
0.02392308975642309,9.0,4.009968411157765,0.21530780780780676,297.10879753400235
0.023956178400622846,9.0,4.009889996339226,0.21560560560560454,297.1088263738903
0.0239892670448226,9.0,4.0098116110484465,0.21590340340340233,297.10885444122675
0.024022355689022355,9.0,4.00973325522834,0.21620120120120012,297.10888173981067
0.024055444333222112,9.0,4.009654928821995,0.21649899899899788,297.1089082734233
0.024088532977421865,9.0,4.009576631772706,0.21679679679679567,297.1089340458287
0.02412162162162162,9.0,4.009498364023951,0.21709459459459346,297.1089590607737
0.024154710265821378,9.0,4.009420125519386,0.21739239239239125,297.10898332198803
0.02418779891002113,9.0,4.009341916202857,0.21769019019018904,297.1090068331842
0.024220887554220888,9.0,4.009263736018395,0.21798798798798683,297.10902959805776
0.024253976198420645,9.0,4.009185584910205,0.21828578578578461,297.1090516202874
0.024287064842620398,9.0,4.009107462822689,0.2185835835835824,297.1090729035349
0.02432015348682015,9.0,4.009029369700419,0.21888138138138016,297.10909345144535
0.024353242131019907,9.0,4.008951305488149,0.21917917917917795,297.109113267647
0.02438633077521966,9.0,4.008873270130817,0.21947697697697574,297.10913235575157
0.024419419419419417,9.0,4.0087952635735355,0.21977477477477353,297.1091507193542
0.02445250806361917,9.0,4.0087172857615965,0.22007257257257132,297.1091683620336
0.024485596707818927,9.0,4.008639336640465,0.22037037037036908,297.109185287352
0.024518685352018683,9.0,4.008561416155793,0.22066816816816687,297.1092014988553
0.024551773996218437,9.0,4.008483524253387,0.22096596596596466,297.10921700007333
0.024584862640418193,9.0,4.008405660879256,0.22126376376376244,297.1092317945196
0.02461795128461795,9.0,4.008327825979567,0.22156156156156023,297.1092458856914
0.024651039928817703,9.0,4.008250019500643,0.22185935935935802,297.10925927707024
0.02468412857301746,9.0,4.008172241389014,0.2221571571571558,297.10927197212146
0.024717217217217216,9.0,4.008094491591355,0.2224549549549536,297.1092839742946
0.02475030586141697,9.0,4.008016770054519,0.2227527527527514,297.1092952870235
0.024783394505616726,9.0,4.007939076725536,0.22305055055054918,297.10930591372596
0.024816483149816482,9.0,4.007861411551589,0.22334834834834696,297.10931585780446
0.024849571794016236,9.0,4.007783774480041,0.22364614614614475,297.10932512264554
0.024882660438215992,9.0,4.007706165458423,0.22394394394394254,297.1093337116204
0.02491574908241575,9.0,4.007628584434419,0.22424174174174033,297.10934162808485
0.024948837726615502,9.0,4.007551031355889,0.22453953953953812,297.10934887537906
0.02498192637081526,9.0,4.007473506170861,0.2248373373373359,297.1093554568281
0.025015015015015015,9.0,4.007396008827518,0.22513513513513367,297.1093613757417
0.025048103659214768,9.0,4.007318539274207,0.22543293293293146,297.1093666354144
0.025081192303414525,9.0,4.007241097459451,0.22573073073072925,297.1093712391256
0.02511428094761428,9.0,4.00716368333191,0.22602852852852703,297.10937519013976
0.025147369591814035,9.0,4.007086296840427,0.22632632632632482,297.1093784917062
0.02518045823601379,9.0,4.007008937934,0.2266241241241226,297.1093811470594
0.025213546880213544,9.0,4.006931606561772,0.2269219219219204,297.1093831594191
0.0252466355244133,9.0,4.006854302673067,0.2272197197197182,297.10938453199014
0.025279724168613057,9.0,4.00677702621735,0.22751751751751598,297.1093852679627
0.02531281281281281,9.0,4.006699777144254,0.22781531531531377,297.1093853705122
0.025345901457012567,9.0,4.006622555403565,0.22811311311311155,297.1093848427996
0.025378990101212324,9.0,4.006545360945209,0.22841091091090934,297.1093836879714
0.025412078745412077,9.0,4.006468193719293,0.22870870870870713,297.10938190915954
0.025445167389611834,9.0,4.006391053676067,0.22900650650650492,297.1093795094815
0.02547825603381159,9.0,4.0063139407659305,0.2293043043043027,297.1093764920407
0.025511344678011343,9.0,4.00623685493944,0.22960210210210047,297.10937285992617
0.0255444333222111,9.0,4.006159796147312,0.22989989989989826,297.10936861621263
0.025577521966410856,9.0,4.006082764340389,0.23019769769769605,297.10936376396086
0.02561061061061061,9.0,4.006005759469691,0.23049549549549384,297.1093583062175
0.025643699254810366,9.0,4.005928781486379,0.23079329329329162,297.10935224601513
0.025676787899010123,9.0,4.005851830341777,0.2310910910910894,297.10934558637257
0.025709876543209876,9.0,4.005774905987316,0.2313888888888872,297.10933833029463
0.025742965187409633,9.0,4.005698008374619,0.231686686686685,297.10933048077237
0.02577605383160939,9.0,4.005621137455445,0.23198448448448278,297.10932204078307
0.02580914247580914,9.0,4.005544293181683,0.23228228228228054,297.10931301329026
0.025842231120008895,9.0,4.005467475505387,0.23258008008007833,297.10930340124406
0.02587531976420865,9.0,4.005390684378744,0.23287787787787612,297.10929320758083
0.025908408408408405,9.0,4.005313919754099,0.2331756756756739,297.10928243522346
0.025941497052608162,9.0,4.005237181583929,0.23347347347347167,297.1092710870815
0.025974585696807915,9.0,4.005160469820862,0.23377127127126945,297.10925916605106
0.02600767434100767,9.0,4.005083784417661,0.23406906906906724,297.1092466750149
0.026040762985207428,9.0,4.0050071253272455,0.23436686686686503,297.1092336168426
0.02607385162940718,9.0,4.004930492502654,0.23466466466466282,297.10921999439046
0.026106940273606938,9.0,4.004853885897088,0.2349624624624606,297.1092058105017
0.026140028917806694,9.0,4.004777305463877,0.2352602602602584,297.1091910680064
0.026173117562006448,9.0,4.00470075115649,0.23555805805805619,297.1091757697218
0.026206206206206204,9.0,4.00462422292855,0.23585585585585397,297.1091599184519
0.02623929485040596,9.0,4.004547720733797,0.23615365365365176,297.10914351698796
0.026272383494605714,9.0,4.0044712445261235,0.23645145145144955,297.1091265681085
0.02630547213880547,9.0,4.004394794259548,0.23674924924924734,297.109109074579
0.026338560783005227,9.0,4.004318369888239,0.23704704704704513,297.10909103915236
0.02637164942720498,9.0,4.004241971366492,0.23734484484484292,297.1090724645689
0.026404738071404737,9.0,4.004165598648738,0.2376426426426407,297.10905335355613
0.026437826715604493,9.0,4.004089251689548,0.2379404404404385,297.1090337088291
0.026470915359804247,9.0,4.004012930443625,0.23823823823823626,297.1090135330904
0.026504004004004003,9.0,4.003936634865801,0.23853603603603404,297.10899282903006
0.026537092648203756,9.0,4.003860364911045,0.23883383383383183,297.10897159932586
0.026570181292403513,9.0,4.003784120534462,0.23913163163162962,297.10894984664316
0.02660326993660327,9.0,4.003707901691286,0.2394294294294274,297.10892757363507
0.026636358580803023,9.0,4.003631708336872,0.2397272272272252,297.1089047829425
0.02666944722500278,9.0,4.003555540426726,0.240025025025023,297.1088814771942
0.026702535869202536,9.0,4.00347939791647,0.24032282282282078,297.1088576590067
0.02673562451340229,9.0,4.003403280761857,0.24062062062061856,297.10883333098457
0.026768713157602046,9.0,4.003327188918776,0.24091841841841635,297.1088084957204
0.026801801801801802,9.0,4.003251122343235,0.24121621621621414,297.1087831557948
0.026834890446001555,9.0,4.0031750809913795,0.24151401401401193,297.10875731377655
0.026867979090201312,9.0,4.003099064819466,0.24181181181180972,297.1087309722224
0.02690106773440107,9.0,4.0030230737839085,0.2421096096096075,297.1087041336776
0.02693415637860082,9.0,4.00294710784121,0.2424074074074053,297.10867680067537
0.026967245022800578,9.0,4.00287116694803,0.24270520520520306,297.1086489757375
0.027000333667000335,9.0,4.002795251061132,0.24300300300300084,297.1086206613739
0.027033422311200088,9.0,4.002719360137421,0.24330080080079863,297.1085918600832
0.027066510955399845,9.0,4.002643494133917,0.24359859859859642,297.10856257435233
0.0270995995995996,9.0,4.002567653007761,0.2438963963963942,297.1085328066568
0.027132688243799354,9.0,4.002491836716217,0.244194194194192,297.1085025594606
0.02716577688799911,9.0,4.002416045216686,0.2444919919919898,297.1084718352165
0.027198865532198867,9.0,4.002340278466672,0.24478978978978758,297.10844063636586
0.02723195417639862,9.0,4.002264536423817,0.24508758758758536,297.10840896533887
0.027265042820598374,9.0,4.002188819045877,0.24538538538538313,297.10837682455434
0.027298131464798127,9.0,4.002113126290709,0.24568318318318091,297.10834421642016
0.027331220108997883,9.0,4.0020374581163285,0.2459809809809787,297.10831114333286
0.02736430875319764,9.0,4.001961814480847,0.2462787787787765,297.108277607678
0.027397397397397393,9.0,4.0018861953424985,0.24657657657657425,297.1082436118303
0.02743048604159715,9.0,4.001810600659635,0.24687437437437204,297.10820915815316
0.027463574685796906,9.0,4.0017350303907255,0.24717217217216983,297.10817424899943
0.02749666332999666,9.0,4.001659484494363,0.24746996996996762,297.10813888671095
0.027529751974196416,9.0,4.001583962929244,0.2477677677677654,297.10810307361857
0.027562840618396173,9.0,4.001508465654204,0.2480655655655632,297.1080668120427
0.027595929262595926,9.0,4.001432992628169,0.24836336336336098,297.1080301042928
0.027629017906795682,9.0,4.001357543810199,0.24866116116115877,297.10799295266776
0.02766210655099544,9.0,4.001282119159465,0.24895895895895656,297.1079553594558
0.027695195195195192,9.0,4.001206718635242,0.24925675675675435,297.1079173269346
0.02772828383939495,9.0,4.001131342196933,0.24955455455455214,297.1078788573713
0.027761372483594705,9.0,4.001055989804055,0.24985235235234993,297.1078399530226
0.02779446112779446,9.0,4.0009806614162216,0.25015015015014774,297.10780061613474
0.027827549771994215,9.0,4.000905356993178,0.25044794794794556,297.10776084894354
0.027860638416193968,9.0,4.00083007649477,0.2507457457457434,297.10772065367456
0.027893727060393725,9.0,4.000754819880965,0.25104354354354114,297.107680032543
0.02792681570459348,9.0,4.000679587111826,0.25134134134133895,297.1076389877539
0.027959904348793235,9.0,4.000604378147547,0.25163913913913677,297.107597521502
0.02799299299299299,9.0,4.00052919294841,0.2519369369369346,297.1075556359719
0.028026081637192748,9.0,4.000454031474838,0.2522347347347324,297.10751333333826
0.0280591702813925,9.0,4.000378893687323,0.2525325325325302,297.1074706157655
0.028092258925592258,9.0,4.000303779546507,0.25283033033032803,297.10742748540815
0.028125347569792014,9.0,4.000228689013112,0.25312812812812585,297.10738394441057
0.028158436213991767,9.0,4.000153622047972,0.25342592592592367,297.1073399949075
0.028191524858191524,9.0,4.000078578612049,0.2537237237237215,297.1072956390235
0.02822461350239128,9.0,4.000003558666389,0.2540215215215193,297.1072508788735
0.028257702146591034,9.0,3.9999285621721623,0.2543193193193171,297.10720571656265
0.02829079079079079,9.0,3.9998535890906237,0.25461711711711493,297.10716015418615
0.028323879434990547,9.0,3.999778639383157,0.25491491491491275,297.1071141938297
0.0283569680791903,9.0,3.9997037130112427,0.25521271271271057,297.1070678375693
0.028390056723390057,9.0,3.9996288099364596,0.2555105105105084,297.1070210874712
0.028423145367589813,9.0,3.9995539301205083,0.25580830830830614,297.1069739455923
0.028456234011789566,9.0,3.999479073525176,0.25610610610610396,297.1069264139798
0.028489322655989323,9.0,3.9994042401123604,0.2564039039039018,297.10687849467155
0.02852241130018908,9.0,3.9993294298440696,0.2567017017016996,297.1068301896958
0.028555499944388833,9.0,3.999254642682403,0.2569994994994974,297.10678150107157
0.02858858858858859,9.0,3.9991798785895734,0.2572972972972952,297.1067324308084
0.028621677232788346,9.0,3.999105137527889,0.25759509509509304,297.1066829809066
0.0286547658769881,9.0,3.999030419459757,0.25789289289289086,297.1066331533571
0.028687854521187856,9.0,3.9989557243477,0.2581906906906887,297.1065829501418
0.02872094316538761,9.0,3.998881052154331,0.2584884884884865,297.10653237323316
0.028754031809587362,9.0,3.9988064028423596,0.25878628628628425,297.1064814245946
0.02878712045378712,9.0,3.9987317763746075,0.25908408408408207,297.1064301061806
0.02882020909798687,9.0,3.998657172713984,0.2593818818818799,297.10637841993633
0.028853297742186628,9.0,3.998582591823513,0.25967967967967764,297.10632636779803
0.028886386386386385,9.0,3.9985080336663055,0.25997747747747546,297.10627395169297
0.028919475030586138,9.0,3.9984334982055687,0.2602752752752733,297.10622117353955
0.028952563674785894,9.0,3.9983589854046198,0.2605730730730711,297.10616803524704
0.02898565231898565,9.0,3.9982844952268737,0.2608708708708689,297.10611453871616
0.029018740963185404,9.0,3.9982100276358263,0.2611686686686667,297.10606068583854
0.02905182960738516,9.0,3.998135582595091,0.26146646646646454,297.1060064784972
0.029084918251584917,9.0,3.99806116006836,0.26176426426426236,297.10595191856635
0.02911800689578467,9.0,3.9979867600194403,0.2620620620620602,297.1058970079115
0.029151095539984427,9.0,3.9979123824122187,0.262359859859858,297.1058417483894
0.02918418418418418,9.0,3.9978380272106864,0.2626576576576558,297.1057861418485
0.029217272828383937,9.0,3.9977636943789268,0.2629554554554536,297.1057301901283
0.029250361472583693,9.0,3.997689383881127,0.26325325325325144,297.1056738950599
0.029283450116783447,9.0,3.997615095681552,0.26355105105104926,297.105617258466
0.029316538760983203,9.0,3.9975408297445716,0.2638488488488471,297.1055602821606
0.02934962740518296,9.0,3.997466586034659,0.26414664664664483,297.1055029679494
0.029382716049382713,9.0,3.9973923645163514,0.26444444444444265,297.10544531762986
0.02941580469358247,9.0,3.997318165154315,0.26474224224224047,297.10538733299074
0.029448893337782226,9.0,3.9972439879132793,0.2650400400400383,297.1053290158128
0.02948198198198198,9.0,3.9971698327580887,0.2653378378378361,297.10527036786834
0.029515070626181736,9.0,3.9970956996536593,0.2656356356356339,297.1052113909215
0.029548159270381492,9.0,3.9970215885650227,0.26593343343343173,297.1051520867282
0.029581247914581246,9.0,3.9969474994572733,0.26623123123122955,297.10509245703616
0.029614336558781002,9.0,3.9968734322956196,0.26652902902902736,297.10503250358505
0.02964742520298076,9.0,3.996799387045356,0.2668268268268252,297.1049722281063
0.029680513847180512,9.0,3.9967253636718603,0.267124624624623,297.1049116323234
0.02971360249138027,9.0,3.9966513621405984,0.2674224224224208,297.1048507179518
0.029746691135580025,9.0,3.9965773824171418,0.26772022022021863,297.1047894866991
0.029779779779779778,9.0,3.9965034244671322,0.26801801801801645,297.1047279402646
0.029812868423979535,9.0,3.9964294882563203,0.26831581581581426,297.10466608033994
0.02984595706817929,9.0,3.9963555737505176,0.2686136136136121,297.10460390860896
0.029879045712379045,9.0,3.9962816809156574,0.26891141141140984,297.10454142674746
0.0299121343565788,9.0,3.9962078097177365,0.26920920920920766,297.1044786364236
0.029945223000778558,9.0,3.9961339601228483,0.2695070070070055,297.1044155392976
0.02997831164497831,9.0,3.996060132097171,0.2698048048048033,297.10435213702203
0.030011400289178067,9.0,3.9959863256069745,0.2701026026026011,297.10428843124186
0.03004448893337782,9.0,3.9959125406186073,0.2704004004003989,297.10422442359425
0.030077577577577577,9.0,3.9958387770985144,0.27069819819819674,297.10416011570874
0.030110666221777334,9.0,3.9957650350132186,0.27099599599599455,297.1040955092074
0.030143754865977087,9.0,3.9956913143293313,0.27129379379379237,297.1040306057046
0.030176843510176844,9.0,3.9956176150135496,0.2715915915915902,297.1039654068073
0.030209932154376597,9.0,3.99554393703265,0.27188938938938795,297.1038999141148
0.03024302079857635,9.0,3.995470280353514,0.27218718718718576,297.10383412921914
0.030276109442776106,9.0,3.9953966449430753,0.2724849849849836,297.10376805370475
0.030309198086975863,9.0,3.9953230307683794,0.27278278278278134,297.10370168914886
0.030342286731175616,9.0,3.9952494377965433,0.27308058058057916,297.1036350371212
0.030375375375375373,9.0,3.9951758659947716,0.273378378378377,297.10356809918426
0.03040846401957513,9.0,3.9951023153303424,0.2736761761761748,297.1035008768931
0.030441552663774882,9.0,3.9950287857706326,0.2739739739739726,297.1034333717957
0.03047464130797464,9.0,3.9949552772830934,0.2742717717717704,297.1033655854327
0.030507729952174392,9.0,3.9948817898352553,0.27456956956956824,297.10329751933756
0.03054081859637415,9.0,3.994808323394736,0.27486736736736606,297.10322917503663
0.030573907240573905,9.0,3.994734877929223,0.27516516516516387,297.10316055404905
0.03060699588477366,9.0,3.9946614534065192,0.2754629629629617,297.103091657887
0.030640084528973415,9.0,3.994588049794457,0.2757607607607595,297.10302248805544
0.030673173173173172,9.0,3.9945146670609946,0.2760585585585573,297.10295304605233
0.030706261817372925,9.0,3.994441305174144,0.27635635635635514,297.10288333336877
0.03073935046157268,9.0,3.994367964102012,0.27665415415415295,297.10281335148875
0.030772439105772438,9.0,3.994294643812779,0.27695195195195077,297.10274310188936
0.03080552774997219,9.0,3.994221344274707,0.27724974974974853,297.10267258604074
0.030838616394171948,9.0,3.9941480654561303,0.27754754754754635,297.1026018054062
0.030871705038371704,9.0,3.994074807325478,0.27784534534534416,297.1025307614423
0.030904793682571458,9.0,3.994001569851245,0.278143143143142,297.10245945559865
0.030937882326771214,9.0,3.993928353002004,0.2784409409409398,297.10238788931815
0.03097097097097097,9.0,3.993855156746408,0.2787387387387376,297.1023160640368
0.031004059615170724,9.0,3.993781981053203,0.27903653653653543,297.1022439811842
0.03103714825937048,9.0,3.993708825891185,0.27933433433433325,297.1021716421829
0.031070236903570237,9.0,3.993635691229257,0.27963213213213106,297.102099048449
0.031103325547769987,9.0,3.993562577036368,0.2799299299299289,297.10202620139205
0.031136414191969743,9.0,3.993489483281575,0.28022772772772675,297.1019531024147
0.031169502836169496,9.0,3.993416409933986,0.2805255255255246,297.1018797529133
0.031202591480369253,9.0,3.993343356962799,0.2808233233233225,297.10180615427754
0.03123568012456901,9.0,3.9932703243372867,0.28112112112112037,297.10173230789064
0.031268768768768766,9.0,3.9931973120267914,0.28141891891891824,297.10165821512936
0.03130185741296852,9.0,3.9931243200007414,0.2817167167167161,297.10158387736396
0.03133494605716828,9.0,3.9930513482286276,0.282014514514514,297.10150929595824
0.031368034701368036,9.0,3.9929783966800283,0.28231231231231185,297.1014344722697
0.03140112334556779,9.0,3.9929054653245863,0.2826101101101097,297.1013594076495
0.03143421198976754,9.0,3.9928325541320278,0.2829079079079076,297.10128410344237
0.0314673006339673,9.0,3.9927596630721442,0.28320570570570547,297.1012085609867
0.031500389278167056,9.0,3.992686792114806,0.28350350350350334,297.10113278161475
0.03153347792236681,9.0,3.992613941229963,0.2838013013013012,297.1010567666524
0.03156656656656657,9.0,3.992541110387616,0.2840990990990991,297.10098051741943
0.031599655210766325,9.0,3.9924682995578658,0.28439689689689696,297.1009040352293
0.031632743854966075,9.0,3.9923955087108762,0.2846946946946948,297.1008273213893
0.03166583249916583,9.0,3.9923227378168793,0.2849924924924927,297.1007503772008
0.03169892114336558,9.0,3.9922499868461845,0.2852902902902905,297.1006732039588
0.03173200978756534,9.0,3.992177255769164,0.2855880880880884,297.1005958029524
0.031765098431765094,9.0,3.9921045445562804,0.28588588588588626,297.10051817546446
0.03179818707596485,9.0,3.9920318531780503,0.28618368368368413,297.10044032277204
0.03183127572016461,9.0,3.99195918160507,0.286481481481482,297.100362246146
0.031864364364364364,9.0,3.9918865298080046,0.2867792792792799,297.1002839468514
0.031897453008564114,9.0,3.991813897757594,0.28707707707707775,297.10020542614717
0.03193054165276387,9.0,3.9917412854246415,0.2873748748748756,297.1001266852865
0.03196363029696363,9.0,3.9916686927800242,0.2876726726726735,297.1000477255166
0.031996718941163384,9.0,3.9915961197946936,0.28797047047047136,297.09996854807883
0.03202980758536314,9.0,3.9915235664396587,0.28826826826826923,297.0998891542087
0.0320628962295629,9.0,3.9914510326860193,0.2885660660660671,297.0998095451359
0.03209598487376265,9.0,3.9913785185049155,0.288863863863865,297.09972972208436
0.0321290735179624,9.0,3.9913060238675975,0.28916166166166285,297.09964968627224
0.03216216216216216,9.0,3.991233548745334,0.2894594594594607,297.09956943891206
0.032195250806361916,9.0,3.9911610931095063,0.2897572572572586,297.0994889812104
0.03222833945056167,9.0,3.991088656931545,0.29005505505505647,297.09940831436836
0.03226142809476142,9.0,3.991016240182943,0.29035285285285434,297.09932743958143
0.032294516738961186,9.0,3.9909438428352666,0.2906506506506522,297.09924635803924
0.03232760538316094,9.0,3.990871464860162,0.2909484484484501,297.09916507092595
0.0323606940273607,9.0,3.9907991062293307,0.29124624624624795,297.09908357942027
0.03239378267156045,9.0,3.9907267669145403,0.2915440440440458,297.09900188469504
0.032426871315760206,9.0,3.9906544468876213,0.2918418418418437,297.09891998791795
0.03245995995995996,9.0,3.990582146120496,0.29213963963964157,297.0988378902508
0.03249304860415972,9.0,3.9905098645851185,0.29243743743743944,297.0987555928503
0.03252613724835947,9.0,3.990437602253545,0.29273523523523726,297.0986730968674
0.03255922589255922,9.0,3.9903653590978667,0.29303303303303513,297.09859040344776
0.032592314536758975,9.0,3.990293135090257,0.293330830830833,297.0985075137316
0.03262540318095873,9.0,3.9902209302029545,0.29362862862863087,297.0984244288538
0.03265849182515849,9.0,3.990148744408251,0.29392642642642874,297.09834114994385
0.032691580469358245,9.0,3.9900765776785256,0.2942242242242266,297.0982576781259
0.032724669113557994,9.0,3.9900044299861985,0.2945220220220245,297.0981740145188
0.03275775775775776,9.0,3.9899323013037815,0.29481981981982236,297.09809016023615
0.032790846401957514,9.0,3.989860191603826,0.29511761761762023,297.0980061163863
0.03282393504615727,9.0,3.989788100858959,0.2954154154154181,297.09792188407226
0.03285702369035702,9.0,3.9897160290418716,0.295713213213216,297.097837464392
0.03289011233455678,9.0,3.9896439761253157,0.29601101101101385,297.0977528584382
0.032923200978756534,9.0,3.9895719420821165,0.2963088088088117,297.0976680672983
0.03295628962295629,9.0,3.9894999268851468,0.2966066066066096,297.0975830920547
0.03298937826715605,9.0,3.9894279305073526,0.29690440440440746,297.0974979337848
0.0330224669113558,9.0,3.989355952921754,0.29720220220220533,297.09741259356065
0.03305555555555555,9.0,3.9892839941014033,0.2975000000000032,297.0973270724494
